Title,Author,Text,Theme
I Could Be a Whale Shark,Aimee Nezhukumatathil,"Bolinao, Philippines

I am worried about tentacles.
How you can still get stung
even if the jelly arm disconnects
swims without me—farther
out to sea than I would like,
buoyed by salt and rind of kelp.
I am worried if I step too far
into the China Sea, my baby
will slow the beautiful kicks
he has just begun since we landed.
The
quickening
, they call it,
but all I am is slow, a moon jelly
floating like a bag in the sea.
Or a whale shark. Yes—I could be
a whale shark, newly spotted
my wide mouth always open
to eat and eat with a look that says
Surprise! Did I eat that much?
When I sleep, I am a flutefish,
just lying there, swaying back
and forth among the kelpy mess
of sheets. You can see the wet
of my dark eye awake, awake.
My husband is a pale blur
near the horizon, full of adobo
and not waiting thirty minutes
before swimming. He is free
and waves at me as he backstrokes
past. This is how he prepares
for fatherhood. Such tenderness
still lingers in the air: the Roman
poet Virgil gave his pet fly
the most lavish funeral, complete
with meat feast and barrels
of oaky wine. You can never know
where or why you hear
a humming on this soft earth.","Nature, Love"
"Batter my heart, three person’d God (Holy Sonnet 14)",John Donne,"Batter my heart, three-personed God, for you

As yet but knock, breathe, shine, and seek to mend;

That I may rise, and stand, o’erthrow me, and bend

Your force to break, blow, burn, and make me new.

I, like an usurped town, to another due,

Labour to admit you, but Oh, to no end.

Reason, your viceroy in me, me should defend,

But is captived, and proves weak or untrue.

Yet dearly I love you, and would be loved fain,

But am betrothed unto your enemy:

Divorce me, untie or break that knot again,

Take me to you, imprison me, for I,

Except you enthrall me, never shall be free,

Nor ever chaste, except you ravish me.","Loss, Hope"
The Negro Speaks of Rivers,Langston Hughes,"I’ve known rivers:

I’ve known rivers ancient as the world and older than the

flow of human blood in human veins.

My soul has grown deep like the rivers.

I bathed in the Euphrates when dawns were young.

I built my hut near the Congo and it lulled me to sleep.

I looked upon the Nile and raised the pyramids above it.

I heard the singing of the Mississippi when Abe Lincoln

went down to New Orleans, and I’ve seen its muddy

bosom turn all golden in the sunset.

I’ve known rivers:

Ancient, dusky rivers.

My soul has grown deep like the rivers.","Nature, Love"
Dream Variations,Langston Hughes,"To fling my arms wide

In some place of the sun,

To whirl and to dance

Till the white day is done.

Then rest at cool evening

Beneath a tall tree

While night comes on gently,

Dark like me—

That is my dream!

To fling my arms wide

In the face of the sun,

Dance! Whirl! Whirl!

Till the quick day is done.

Rest at pale evening . . .

A tall, slim tree . . .

Night coming tenderly

Black like me.

From
The Collected Poems of Langston Hughes","Hope, Resilience"
The cry of the cicada,Matsuo Bashō,"The cry of the cicada

Gives us no sign

That presently it will die.","Nature, Loss"
At the Zoo,William Makepeace Thackeray,"First I saw the white bear, then I saw the black;

Then I saw the camel with a hump upon his back;

Then I saw the grey wolf, with mutton in his maw;

Then I saw the wombat waddle in the straw;

Then I saw the elephant a-waving of his trunk;

Then I saw the monkeys—mercy, how unpleasantly they smelt!","Nature, Beauty"
Dear March—Come in,Emily Dickinson,"Dear March—Come in—

How glad I am—

I hoped for you before—

Put down your Hat—

You must have walked—

How out of Breath you are—

Dear March, how are you, and the Rest—

Did you leave Nature well—

Oh March, Come right upstairs with me—

I have so much to tell—

I got your Letter, and the Birds—

The Maples never knew that you were coming—

I declare - how Red their Faces grew—

But March, forgive me—

And all those Hills you left for me to Hue—

There was no Purple suitable—

You took it all with you—

Who knocks? That April—

Lock the Door—

I will not be pursued—

He stayed away a Year to call

When I am occupied—

But trifles look so trivial

As soon as you have come

That blame is just as dear as Praise

And Praise as mere as Blame—","Nature, Happiness"
The moon rose over the bay. I had a lot of feelings.,Donika Kelly,"I am taken with the hot animal

of my skin, grateful to swing my limbs

and have them move as I intend, though

my knee, though my shoulder, though something

is torn or tearing. Today, a dozen squid, dead

on the harbor beach: one mostly buried,

one with skin empty as a shell and hollow

feeling, and, though the tentacles look soft,

I do not touch them. I imagine they

were startled to find themselves in the sun.

I imagine the tide simply went out

without them. I imagine they cannot

feel the black flies charting the raised hills

of their eyes. I write my name in the sand:

. I watch eighteen seagulls

skim the sandbar and lift low in the sky.

I pick up a pebble that looks like a green egg.

To the ditch lily I say
I am in love
.

To the Jeep parked haphazardly on the narrow

street
I am in love
. To the roses, white

petals rimmed brown, to the yellow lined

pavement, to the house trimmed in gold
I am

in love
. I shout with the rough calculus

of walking. Just let me find my way back,

let me move like a tide come in.","Nature, Love"
Mr. Macklin’s Jack O’Lantern,David McCord,"Mr. Macklin takes his knife
And carves the yellow pumpkin face:
Three holes bring eyes and nose to life,
The mouth has thirteen teeth in place.
Then Mr. Macklin just for fun
Wry mouth to Jack’s, and everyone
Dies laughing! O what fun it is
Till Mr. Macklin draws the shade
And lights the candle in Jack’s skull.
Then all the inside dark is made
As spooky and as horrorful
As Halloween, and creepy crawl
The shadows on the tool-house floor,
With Jack’s face dancing on the wall.

O Mr. Macklin! where's the door?","Nature, Resilience"
One Sister have I in our house ,Emily Dickinson,"One Sister have I in our house -
And one a hedge away.
There's only one recorded,
But both belong to me.

One came the way that I came -
And wore my past year's gown -
The other as a bird her nest,
Builded our hearts among.

She did not sing as we did -
It was a different tune	-
Herself to her a Music
As Bumble-bee of June.

But up and down the hills
I held her hand the tighter -
Which shortened all the miles -

And still her hum
The years among,
Deceives the Butterfly;
Still in her Eye
The Violets lie
Mouldered this many May.

I spilt the dew -
But took the morn, -
I chose this single star
Sue - forevermore!","Love, Beauty"
Thanksgiving Day,Lydia Maria Child,"Over the river, and through the wood,

To grandfather's house we go;

The horse knows the way

To carry the sleigh

Through the white and drifted snow.

Over the river, and through the wood—

Oh, how the wind does blow!

It stings the toes

And bites the nose

As over the ground we go.

Over the river, and through the wood,

To have a first-rate play.

Hear the bells ring

""Ting-a-ling-ding"",

Hurrah for Thanksgiving Day!

Over the river, and through the wood

Trot fast, my dapple-gray!

Spring over the ground,

Like a hunting-hound!

For this is Thanksgiving Day.

Over the river, and through the wood,

And straight through the barn-yard gate.

We seem to go

Extremely slow,—

It is so hard to wait!

Over the river and through the wood—

Now grandmother's cap I spy!

Hurrah for the fun!

Is the pudding done?

Hurrah for the pumpkin-pie!","Happiness, Nature"
Thanksgiving,Ella Wheeler Wilcox,"We walk on starry fields of white
And do not see the daisies;
For blessings common in our sight
We rarely offer praises.
We sigh for some supreme delight
To crown our lives with splendor,
And quite ignore our daily store
Of pleasures sweet and tender.
Our cares are bold and push their way
Upon our thought and feeling.
They hand about us all the day,
So unobtrusive many a joy
We pass by and forget it,
But worry strives to own our lives,
And conquers if we let it.
There’s not a day in all the year
But holds some hidden pleasure,
And looking back, joys oft appear
To brim the past’s wide measure.
But blessings are like friends, I hold,
Who love and labor near us.
We ought to raise our notes of praise
While living hearts can hear us.
Full many a blessing wears the guise
Of worry or of trouble;
Far-seeing is the soul, and wise,
Who knows the mask is double.
But he who has the faith and strength
To thank his God for sorrow
Has found a joy without alloy
To gladden every morrow.
We ought to make the moments notes
Of happy, glad Thanksgiving;
The hours and days a silent phrase
Of music we are living.
And so the theme should swell and grow
As weeks and months pass o’er us,
And rise sublime at this good time,
A grand Thanksgiving chorus.","Love, Happiness"
"To the Virgins, to Make Much of Time",Robert Herrick,"Gather ye rosebuds while ye may,

Old Time is still a-flying;

And this same flower that smiles today

Tomorrow will be dying.

The glorious lamp of heaven, the sun,

The higher he's a-getting,

The sooner will his race be run,

And nearer he's to setting.

That age is best which is the first,

When youth and blood are warmer;

But being spent, the worse, and worst

Times still succeed the former.

Then be not coy, but use your time,

And while ye may, go marry;

For having lost but once your prime,

You may forever tarry.","Beauty, Love"
To make a prairie,Emily Dickinson,"To make a prairie it takes a clover and one bee,

One clover, and a bee.

And revery.

The revery alone will do,

If bees are few.","Resilience, Nature"
Coherence in Consequence,Claudia Rankine,"Imagine them in black, the morning heat losing within 
this day that floats. And always there is the being, and the 
not-seeing on their way to—

The days they approach and their sharpest aches will
wrap experience until knowledge is translucent, the frost 
on which they find themselves slipping. Never mind the 
loose mindless grip of their forms reflected in the eye-
watering hues of the surface, these two will survive in 
their capacity to meet, to hold the other beneath the 
plummeting, in the depths below each step full of
avoidance. What they create will be held up, will resume: 
the appetite is bigger than joy. indestructible. for never 
was it independent from who they are. who will be.

Were we ever to arrive at knowing the other as the same 
pulsing compassion would break the most orthodox heart","Resilience, Hope"
Let Them Not Say,Jane Hirshfield,"Let them not say:   we did not see it.

We saw.

Let them not say:   we did not hear it.

We heard.

Let them not say:    they did not taste it.

We ate, we trembled.

Let them not say:   it was not spoken, not written.

We spoke,

we witnessed with voices and hands.

Let them not say:     they did nothing.

We did not-enough.

Let them say, as they must say something:

A kerosene beauty.

It burned.

Let them say we warmed ourselves by it,

read by its light, praised,

and it burned.","Nature, Loss"
What I Am,Terrance Hayes,"Fred Sanford's on at 12
& I'm standing in the express lane (cash only)
about to buy Head & Shoulders
the white people shampoo, no one knows
what I am. My name could be Lamont.
George Clinton wears colors like Toucan Sam,
the Froot Loop pelican. Follow your nose,
he says. But I have no nose, no mouth,
so you tell me what's good, what's god,
what's funky. When I stop
by McDonalds for a cheeseburger, no one
suspects what I am. I smile at Ronald's poster,
perpetual grin behind the pissed-off, fly-girl
cashier I love. Where are my goddamn fries?
Ain't I American? I never say,
Niggaz
in my poems. My ancestors didn't
emigrate. Why would anyone leave
their native land? I'm thinking about shooting
some hoop later on. I'll dunk on everyone
of those niggaz. They have no idea
what I am. I might be the next Jordan
god. They don't know if Toni Morrison
is a woman or a man. Michael Jackson
is the biggest name in showbiz.
Mamma se
Mamma sa mamma ku sa,
sang the Bushmen
in Africa. I'll buy a dimebag after the game,
me & Jody. He says, Fuck them white people
at work, Man. He was an All-American
in high school. He's cool, but he don't know
what I am, & so what. Fred Sanford's on
in a few & I got the dandruff-free head
& shoulders of white people & a cheeseburger
belly & a Thriller CD & Nike high tops
& slavery's dead & the TV's my daddy--
You big Dummy!
Fred tells Lamont.","Resilience, Beauty"
Christmas Carol,Paul Laurence Dunbar,"Ring out, ye bells!
All Nature swells
With gladness at the wondrous story,—
The world was lorn,
But Christ is born
To change our sadness into glory.

Sing, earthlings, sing!
To-night a King
The outstretched hand
O'er all the land
Is raised in pity to caress us.

Come at his call;
Be joyful all;
Away with mourning and with sadness!
The heavenly choir
With holy fire
Their voices raise in songs of gladness.

The darkness breaks
And Dawn awakes,
Her cheeks suffused with youthful blushes.
The rocks and stones
In holy tones
Are singing sweeter than the thrushes.

Then why should we
In silence be,
When Nature lends her voice to praises;
When heaven and earth
Proclaim the truth
Of Him for whom that lone star blazes?

No, be not still,
But with a will
Strike all your harps and set them ringing;
On hill and heath
Let every breath
Throw all its power into singing!","Hope, Happiness"
On Being Brought from Africa to America,Phillis Wheatley,"Twas mercy brought me from my Pagan land,
Taught my benighted soul to understand
That there's a God, that there's a Saviour too:
Once I redemption neither sought nor knew.
Some view our sable race with scornful eye,
""Their colour is a diabolic die.""
Remember, Christians, Negros, black as Cain,
May be refin'd, and join th' angelic train.","Resilience, Hope"
Lenore,Edgar Allan Poe,"Ah broken is the golden bowl! the spirit flown forever!

Let the bell toll!--a saintly soul floats on the Stygian river;

And, Guy De Vere, hast
thou
no tear?--weep now or never more!

See! on yon drear and rigid bier low lies thy love, Lenore!

Come! let the burial rite be read--the funeral song be sung!--

An anthem for the queenliest dead that ever died so young--

A dirge for her the doubly dead in that she died so young.

""Wretches! ye loved her for her wealth and hated her for her pride,

""And when she fell in feeble health, ye blessed her--that she died!

""How
shall
the ritual, then, be read?--the requiem how be sung

""By you--by yours, the evil eye,--by yours, the slanderous tongue

""That did to death the innocent that died, and died so young?""

Peccavimus;
but rave not thus! and let a Sabbath song

Go up to God so solemnly the dead may feel so wrong!

The sweet Lenore hath ""gone before,"" with Hope, that flew beside

Leaving thee wild for the dear child that should have been thy bride--

For her, the fair and
debonair
, that now so lowly lies,

The life upon her yellow hair but not within her eyes--

The life still there, upon her hair--the death upon her eyes.

""Avaunt! to-night my heart is light. No dirge will I upraise,

""But waft the angel on her flight with a Pæan of old days!

""Let
no
bell toll!--lest her sweet soul, amid its hallowed mirth,","Loss, Love"
little tree,E. E. Cummings,"little tree
little silent Christmas tree
you are so little
you are more like a flower

who found you in the green forest
and were you very sorry to come away?
see            i will comfort you
because you smell so sweetly

i will kiss your cool bark
and hug you safe and tight
just as your mother would,
only don’t be afraid

look           the spangles
that sleep all the year in a dark box
dreaming of being taken out and allowed to shine,
the balls the chains red and gold the fluffy threads,

put up your little arms
and i’ll give them all to you to hold.
every finger shall have its ring
and there won’t be a single place dark or unhappy

then when you’re quite dressed
you’ll stand in the window for everyone to see
and how they’ll stare!
oh but you’ll be very proud

and my little sister and i will take hands
and looking up at our beautiful tree
we’ll dance and sing
“Noel Noel”","Nature, Beauty"
My mistress’ eyes are nothing like the sun (Sonnet 130),William Shakespeare,"My mistress’ eyes are nothing like the sun;

Coral is far more red than her lips’ red;

If snow be white, why then her breasts are dun;

If hairs be wires, black wires grow on her head.

I have seen roses damasked, red and white,

But no such roses see I in her cheeks;

And in some perfumes is there more delight

I love to hear her speak, yet well I know

That music hath a far more pleasing sound;

I grant I never saw a goddess go;

My mistress when she walks treads on the ground.

And yet, by heaven, I think my love as rare

As any she belied with false compare.","Love, Beauty"
On Death,Kahlil Gibran,"Then Almitra spoke, saying, We would ask now of Death.
And he said:

You would know the secret of death.

But how shall you find it unless you seek it in the heart of life?

The owl whose night-bound eyes are blind unto the day cannot unveil the mystery of light.

If you would indeed behold the spirit of death, open your heart wide unto the body of life.

For life and death are one, even as the river and the sea are one.

In the depth of your hopes and desires lies your silent knowledge of the beyond;

And like seeds dreaming beneath the snow your heart dreams of spring.

Trust the dreams, for in them is hidden the gate to eternity.

Your fear of death is but the trembling of the shepherd when he stands before the king whose hand is to be laid upon him in honour.

Is the shepherd not joyful beneath his trembling, that he shall wear the mark of the king?

Yet is he not more mindful of his trembling?

For what is it to die but to stand naked in the wind and to melt into the sun?

And when you have reached the mountain top, then you shall begin to climb.

And when the earth shall claim your limbs, then shall you truly dance.","Loss, Beauty"
Shoulders,Naomi Shihab Nye,"A man crosses the street in rain,

stepping gently, looking two times north and south,

because his son is asleep on his shoulder.

No car must splash him.

No car drive too near to his shadow.

This man carries the world’s most sensitive cargo

but he’s not marked.

Nowhere does his jacket say FRAGILE,

HANDLE WITH CARE.

His ear fills up with breathing.

He hears the hum of a boy’s dream

deep inside him.

We’re not going to be able

to live in this world

if we’re not willing to do what he’s doing

with one another.

The road will only be wide.

The rain will never stop falling.","Love, Happiness"
On Marriage,Kahlil Gibran,"Then Almitra spoke again and said, And what of Marriage, master?

And he answered saying:

You were born together, and together you shall be forevermore.

You shall be together when the white wings of death scatter your days.

Ay, you shall be together even in the silent memory of God.

But let there be spaces in your togetherness,

And let the winds of the heavens dance between you.

Love one another, but make not a bond of love:

Let it rather be a moving sea between the shores of your souls.

Sing and dance together and be joyous, but let each one of your be alone,

Even as the strings of the lute are alone though they quiver with the same music.

Give your hearts, but not into each other’s keeping.

For only the hand of Life can contain your hearts.

And stand together yet not too near together:

For the pillars of the temple stand apart,

And the oak tree and the cypress grow not in each other’s shadow.","Love, Nature"
This Is Not a Small Voice,Sonia Sanchez,"This is not a small voice           
you hear               this is a large
voice coming out of these cities.
This is the voice of LaTanya.
Kadesha. Shaniqua. This
is the voice of Antoine.
Darryl. Shaquille.
Running over waters
navigating the hallways
of our schools spilling out
on the corners of our cities and
no epitaphs spill out of their river mouths.

This is not a small love
you hear               this is a large
love, a passion for kissing learning
on its face.
This is a love that crowns the feet with hands
that nourishes, conceives, feels the water sails
mends the children,
folds them inside our history where they
toast more than the flesh
where they suck the bones of the alphabet
and spit out closed vowels.
This is a love colored with iron and lace.
This is a love initialed Black Genius.

This is not a small voice
you hear.","Love, Resilience"
won’t you celebrate with me,Lucille Clifton,"won’t you celebrate with me  what i have shaped into  a kind of life? i had no model.  born in babylon  both nonwhite and woman  what did i see to be except myself?  i made it up  here on this bridge between  starshine and clay,  my one hand holding tight  my other hand; come celebrate  with me that everyday  something has tried to kill me  and has failed.","Resilience, Hope"
Ecclesiastes 3:1-8,Anonymous,"To every thing there is a season,

and a time to every purpose under the heaven:

A time to be born, a time to die;

a time to plant, and a time to pluck up that which is planted;

A time to kill, and a time to heal;

a time to break down, and a time to build up;

A time to weep, and a time to laugh;

a time to mourn, and a time to dance;

A time to cast away stones, and a time to gather stones together;

A time to get, and a time to lose;

a time to keep, and a time to cast away;

A time to rend, and a time to sew;

a time to keep silence, and a time to speak;

A time to love, and a time to hate;

A time of war, and a time of peace.","Nature, Loss"
She Walks in Beauty,George Gordon Byron,"I.

She walks in beauty, like the night

Of cloudless climes and starry skies;

And all that’s best of dark and bright

Meet in her aspect and her eyes:

Thus mellowed to that tender light

Which heaven to gaudy day denies.

II.

One shade the more, one ray the less,

Had half impaired the nameless grace

Which waves in every raven tress,

Or softly lightens o’er her face;

Where thoughts serenely sweet express

How pure, how dear their dwelling place.

III.

And on that cheek, and o’er that brow,

So soft, so calm, yet eloquent,

The smiles that win, the tints that glow,

But tell of days in goodness spent,

A mind at peace with all below,

A heart whose love is innocent!","Beauty, Love"
The Heart of the Tree,Henry Cuyler Bunner,"What does he plant who plants a tree?

He plants a friend of sun and sky;

He plants the flag of breezes free;

The shaft of beauty, towering high;

He plants a home to heaven anigh;

For song and mother-croon of bird

In hushed and happy twilight heard—

The treble of heaven's harmony—

These things he plants who plants a tree.

What does he plant who plants a tree?

He plants cool shade and tender rain,

And seed and bud of days to be,

And years that fade and flush again;

He plants the glory of the plain;

He plants the forest's heritage;

The harvest of a coming age;

The joy that unborn eyes shall see—

These things he plants who plants a tree.

What does he plant who plants a tree?

He plants, in sap and leaf and wood,

In love of home and loyalty

And far-cast thought of civic good—

His blessings on the neighborhood,

Who in the hollow of
His hand

Holds all the growth of all our land—

Stirs in his heart who plants a tree.","Nature, Beauty"
American History,Michael S. Harper,"Those four black girls blown up

in that Alabama church

remind me of five hundred

middle passage blacks,

in a net, under water

in Charleston harbor

so redcoats wouldn't find them.

Can't find what you can't see

can you?","Loss, Resilience"
I wandered lonely as a Cloud,William Wordsworth,"I wandered lonely as a Cloud

That floats on high o’er Vales and Hills,

When all at once I saw a crowd,

A host of golden Daffodils;

Beside the Lake, beneath the trees,

Fluttering and dancing in the breeze.

Continuous as the stars that shine

And twinkle on the Milky Way,

They stretched in never-ending line

Along the margin of a bay:

Ten thousand saw I at a glance,

Tossing their heads in sprightly dance.

The waves beside them danced, but they

Out-did the sparkling waves in glee:—

A Poet could not but be gay

In such a jocund company:

I gazed—and gazed—but little thought

What wealth the show to me had brought:

For oft when on my couch I lie

In vacant or in pensive mood,

They flash upon that inward eye

Which is the bliss of solitude,

And then my heart with pleasure fills,

And dances with the Daffodils.","Nature, Happiness"
I taste a liquor never brewed,Emily Dickinson,"I taste a liquor never brewed –  From Tankards scooped in Pearl –  Not all the Frankfort Berries Yield such an Alcohol!
Inebriate of air – am I –  And Debauchee of Dew –  Reeling – thro' endless summer days –  From inns of molten Blue – 
When ""Landlords"" turn the drunken Bee Out of the Foxglove's door –  When Butterflies – renounce their ""drams"" –  I shall but drink the more!
Till Seraphs swing their snowy Hats –  And Saints – to windows run –  To see the little Tippler Leaning against the – Sun!","Nature, Happiness"
Dulce et Decorum Est,Wilfred Owen,"Bent double, like old beggars under sacks, Knock-kneed, coughing like hags, we cursed through sludge, Till on the haunting flares we turned our backs And towards our distant rest began to trudge. Men marched asleep. Many had lost their boots But limped on, blood-shod. All went lame; all blind; Drunk with fatigue; deaf even to the hoots Of tired, outstripped Five-Nines that dropped behind.
Gas! Gas! Quick, boys!—An ecstasy of fumbling, Fitting the clumsy helmets just in time; But someone still was yelling out and stumbling And flound'ring like a man in fire or lime... Dim, through the misty panes and thick green light, As under a green sea, I saw him drowning.
In all my dreams, before my helpless sight, He plunges at me, guttering, choking, drowning.
If in some smothering dreams you too could pace Behind the wagon that we flung him in, And watch the white eyes writhing in his face, His hanging face, like a devil's sick of sin; If you could hear, at every jolt, the blood Come gargling from the froth-corrupted lungs, Obscene as cancer, bitter as the cud Of vile, incurable sores on innocent tongues,— My friend, you would not tell with such high zest To children ardent for some desperate glory, The old Lie: Dulce et decorum est Pro patria mori.","Loss, Beauty"
For the Fallen,Laurence Binyon,"With proud thanksgiving, a mother for her children,  England mourns for her dead across the sea.  Flesh of her flesh they were, spirit of her spirit,  Fallen in the cause of the free.
Solemn the drums thrill: Death august and royal  Sings sorrow up into immortal spheres.  There is a music in the midst of desolation  And a glory that shines upon our tears.
They went with songs to the battle, they were young,  Straight of limb, true of eye, steady and aglow.  They were staunch to the end against odds uncountered:  They fell with their faces to the foe.
They shall grow not old, as we that are left grow old: Age shall not weary them, nor the years condemn.  At the going down of the sun and in the morning  We will remember them.
They mingle not with their laughing comrades again;  They sit no more at familiar tables at home;  They have no lot in our labour of the day-time;  They sleep beyond England’s foam.
But where our desires are and our hopes profound,  Felt as a well-spring that is hidden from sight,  To the innermost heart of their own land they are known  As the stars are known to the Night;
As the stars that shall be bright when we are dust,  Moving in marches upon the heavenly plain;  As the stars are starry in the time of our darkness,  To the end, to the end they remain.","Loss, Resilience"
Dream Song 1,John Berryman,"Huffy Henry hid    the day, unappeasable Henry sulked. I see his point,—a trying to put things over. It was the thought that they thought they could do it made Henry wicked & away. But he should have come out and talked.
All the world like a woolen lover once did seem on Henry's side. Then came a departure. Thereafter nothing fell out as it might or ought. I don't see how Henry, pried  open for all the world to see, survived.
What he has now to say is a long  wonder the world can bear & be. Once in a sycamore I was glad all at the top, and I sang. Hard on the land wears the strong sea and empty grows every bed.","Loss, Resilience"
My Heart Leaps Up,William Wordsworth,"My heart leaps up when I behold

A rainbow in the sky:

So was it when my life began;

So is it now I am a man;

So be it when I shall grow old,

Or let me die!

The Child is father of the Man;

And I could wish my days to be

Bound each to each by natural piety.","Happiness, Beauty"
There Will Come Soft Rains,Sara Teasdale,"There will come soft rains and the smell of the ground,

And swallows circling with their shimmering sound;

And frogs in the pools singing at night,

And wild plum trees in tremulous white,

Robins will wear their feathery fire

Whistling their whims on a low fence-wire;

And not one will know of the war, not one

Will care at last when it is done.

Not one would mind, neither bird nor tree

If mankind perished utterly;

And Spring herself, when she woke at dawn,

Would scarcely know that we were gone.","Loss, Hope"
"somewhere i have never travelled, gladly beyond",E. E. Cummings,"somewhere i have never travelled, gladly beyond

any experience, your eyes have their silence:

in your most frail gesture are things which enclose me,

or which i cannot touch because they are too near

your slightest look easily will unclose me

though i have closed myself as fingers,

you open always petal by petal myself as Spring opens

(touching skillfully, mysteriously) her first rose

or if your wish be to close me, i and

my life will shut very beautifully, suddenly,

as when the heart of this flower imagines

the snow carefully everywhere descending;

nothing which we are to perceive in this world equals

the power of your intense fragility: whose texture

compels me with the colour of its countries,

rendering death and forever with each breathing

(i do not know what it is about you that closes

and opens; only something in me understands

the voice of your eyes is deeper than all roses)

nobody, not even the rain, has such small hands","Love, Beauty"
Hope is the thing with feathers ,Emily Dickinson,"Hope is the thing with feathers

That perches in the soul,

And sings the tune without the words,

And never stops at all,

And sweetest in the gale is heard;

And sore must be the storm

That could abash the little bird

That kept so many warm.

I've heard it in the chillest land,

And on the strangest sea;

Yet, never, in extremity,

It asked a crumb of me.","Nature, Hope"
Remember,Joy Harjo,"Remember the sky that you were born under,

know each of the star’s stories.

Remember the moon, know who she is.

Remember the sun’s birth at dawn, that is the

strongest point of time. Remember sundown

and the giving away to night.

Remember your birth, how your mother struggled

to give you form and breath. You are evidence of

her life, and her mother’s, and hers.

Remember your father. He is your life, also.

Remember the earth whose skin you are:

red earth, black earth, yellow earth, white earth

brown earth, we are earth.

Remember the plants, trees, animal life who all have their

tribes, their families, their histories, too. Talk to them,

listen to them. They are alive poems.

Remember the wind. Remember her voice. She knows the

origin of this universe.

Remember you are all people and all people

are you.

Remember you are this universe and this

universe is you.

Remember all is in motion, is growing, is you.

Remember the dance language is, that life is.

Remember.","Nature, Beauty"
the poem is a dream telling you its time,Marwa Helal,"is a field 
             as long as the butterflies say 
                                                                       it is a field 
  with their flight
                                           it takes a long time 
to see
                         like light or sound or language
                                                                                      to arrive
and keep                           arriving
                                           we have more
than six sense dialect
                                                                      and i
am still
              adjusting to time
                                the distance and its permanence
  i have found my shortcuts
                               and landmarks
                                                          to place
  where i first took form
                                                                                           in the field
","Nature, Beauty"
A Time to Talk,Robert Frost,"When a friend calls to me from the road And slows his horse to a meaning walk, I don’t stand still and look around On all the hills I haven’t hoed, And shout from where I am, What is it? No, not as there is a time to talk. I thrust my hoe in the mellow ground, Blade-end up and five feet tall, And plod: I go up to the stone wall For a friendly visit.","Love, Happiness"
On Pain,Kahlil Gibran,"And a woman spoke, saying, Tell us of Pain.
And he said:
Your pain is the breaking of the shell that encloses your understanding.
Even as the stone of the fruit must break, that its heart may stand in the sun, so must you know pain.
And could you keep your heart in wonder at the daily miracles of your life your pain would not seem less wondrous than your joy;
And you would accept the seasons of your heart, even as you have always accepted the seasons that pass over your fields.
And you would watch with serenity through the winters of your grief.

Much of your pain is self-chosen.
It is the bitter potion by which the physician within you heals your sick self.
Therefore trust the physician, and drink his remedy in silence and tranquility:
For his hand, though heavy and hard, is guided by the tender hand of the Unseen,
And the cup he brings, though it burn your lips, has been fashioned of the clay which the Potter has moistened with His own sacred tears.","Resilience, Hope"
Trees,Joyce Kilmer,"I think that I shall never see

A poem lovely as a tree.

A tree whose hungry mouth is prest

Against the earth's sweet flowing breast;

A tree that looks at God all day,

And lifts her leafy arms to pray;

A tree that may in summer wear

A nest of robins in her hair;

Upon whose bosom snow has lain;

Who intimately lives with rain.

Poems are made by fools like me,

But only God can make a tree.","Nature, Beauty"
So we'll go no more a roving,George Gordon Byron,"So, we'll go no more a roving
So late into the night,
Though the heart be still as loving,
And the moon be still as bright.

For the sword outwears its sheath,
And the soul wears out the breast,
And the heart must pause to breathe,
And love itself have rest.

Though the night was made for loving,
And the day returns too soon,
Yet we'll go no more a roving
By the light of the moon.","Loss, Happiness"
To the Sea,Anis Mojgani,"Sometimes when you start to ramble  or rather when you feel you are starting to ramble you will say Well, now I’m rambling  though I don’t think you ever are.  And if you ever are I don’t really care.  And not just because I and everyone really   at times falls into our own unspooling  —which really I think is a beautiful softness  of being human, trying to show someone else  the color of all our threads, wanting another to know   everything in us we are trying to show them—  but in the specific,   in the specific of you  here in this car that you are driving  and in which I am sitting beside you  with regards to you   and your specific mouth  parting to give way  to the specific sweetness that is  the water of your voice   tumbling forth—like I said   I don’t ever really mind  how much more   you might keep speaking  as it simply means   I get to hear you   speak for longer.   What was a stream   now a river.","Love, Nature"
Enough,Andru Defeye,"You are enough
Divinity flows in your fingertips         with light so radiant         every beat of your heart a victory march made of whole universes         stitched by the hands of creation         with flawless design a prophecy You fulfill perfectly with every breath
        You
The sun wouldn’t shine the same without it Creation is only waiting for You                 to smile back at it
Do you see it yet?
You are enough         For the birds to sing about         For the seeds to sprout about         For the stars to shoot about
        Do you see it yet?
        Gardens in your speech Fields of wildflowers in your prayers         Lighthouses in your eyes     No one else can see it for you
You have always been enough You will always be enough
Your simple act of being is enough
            Do you see it yet?","Happiness, Resilience"
The Soul has Bandaged moments ,Emily Dickinson,"The Soul has Bandaged moments – When too appalled to stir – She feels some ghastly Fright come up And stop to look at her –
Salute her, with long fingers – Caress her freezing hair – Sip, Goblin, from the very lips The Lover – hovered – o’er – Unworthy, that a thought so mean Accost a Theme – so – fair ­–
The soul has moments of escape – When bursting all the doors – She dances like a Bomb, abroad, And swings opon the Hours,
As do the Bee – delirious borne – Long Dungeoned from his Rose – Touch Liberty – then know no more, But Noon, and Paradise –
The Soul’s retaken moments – When, Felon led along, With shackles on the plumed feet, And staples, in the song,
The Horror welcomes her, again, These, are not brayed of Tongue –","Resilience, Hope"
Love is Not All (Sonnet XXX),Edna St. Vincent Millay,"Love is not all: it is not meat nor drink
Nor slumber nor a roof against the rain;
Nor yet a floating spar to men that sink
And rise and sink and rise and sink again;
Love can not fill the thickened lung with breath,
Nor clean the blood, nor set the fractured bone;
Yet many a man is making friends with death
Even as I speak, for lack of love alone.
It well may be that in a difficult hour,
Pinned down by pain and moaning for release,
Or nagged by want past resolution’s power,
I might be driven to sell your love for peace,
Or trade the memory of this night for food.
It well may be. I do not think I would.","Love, Happiness"
What the Living Do,Marie Howe,"Johnny, the kitchen sink has been clogged for days, some utensil probably fell down there. And the Drano won’t work but smells dangerous, and the crusty dishes have piled up
waiting for the plumber I still haven’t called. This is the everyday we spoke of. It’s winter again: the sky’s a deep, headstrong blue, and the sunlight pours through
the open living-room windows because the heat’s on too high in here and I can’t turn it off. For weeks now, driving, or dropping a bag of groceries in the street, the bag breaking,
I’ve been thinking: This is what the living do. And yesterday, hurrying along those wobbly bricks in the Cambridge sidewalk, spilling my coffee down my wrist and sleeve,
I thought it again, and again later, when buying a hairbrush: This is it. Parking. Slamming the car door shut in the cold. What you called that yearning.
What you finally gave up. We want the spring to come and the winter to pass. We want whoever to call or not call, a letter, a kiss—we want more and more and then more of it.
But there are moments, walking, when I catch a glimpse of myself in the window glass, say, the window of the corner video store, and I'm gripped by a cherishing so deep
for my own blowing hair, chapped face, and unbuttoned coat that I’m speechless: I am living. I remember you.","Loss, Love"
The Tyger,William Blake,"Tyger! Tyger! burning bright

In the forests of the night,

What immortal hand or eye

Could frame thy fearful symmetry?

In what distant deeps or skies

Burnt the fire of thine eyes?

On what wings dare he aspire?

What the hand, dare sieze the fire?

And what shoulder, & what art,

Could twist the sinews of thy heart?

And when thy heart began to beat,

What dread hand? & what dread feet?

What the hammer? what the chain?

In what furnace was thy brain?

What the anvil? what dread grasp

Dare its deadly terrors clasp?

When the stars threw down their spears,

And water'd heaven with their tears,

Did he smile his work to see?

Did he who made the Lamb make thee?

Tyger! Tyger! burning bright

In the forests of the night,

What immortal hand or eye

Dare frame thy fearful symmetry?","Nature, Beauty"
The Red Wheelbarrow,William Carlos Williams,"so much depends

upon

a red wheel

barrow

glazed with rain

water

beside the white

chickens","Nature, Beauty"
The Red Poppy,Louise Glück,"The great thing
is not having
a mind. Feelings:
oh, I have those; they
govern me. I have
a lord in heaven
called the sun, and open
for him, showing him
the fire of my own heart, fire
like his presence.
What could such glory be
if not a heart? Oh my brothers and sisters,
were you like me once, long ago,
before you were human? Did you
permit yourselves
to open once, who would never
open again? Because in truth
I am speaking now
the way you do. I speak
because I am shattered.","Loss, Nature"
Manifesto of the Lyric Selfie,Becca Klaver,"Our “I”s.
They are multiple.
We shuffle them
often as we like.
They can tag us.
We can untag ourselves.
We’ve got our
to-be-looked-at-ness
oh we have
got it.
We peer and cross.
Go lazy.
We’re all girly.
We’re pretty selfie.
We write our poems.
We write our manifestos.
While sitting in the photo booth.
While skipping down the street.
We think: if only my camera
could see me now.
There is a tranquil lyric
but we recollect emotion
with the speed of the feed.
We pose to show
the spontaneous overflow
of powerful feelings.
There are no more countrysides.
There are no more churchyards.
We smudge our vistas.
We flip the cam around.
What is burning in our little hearts?
Hashtags of interiority
licking like flames.
We had been reflective.
We have been reflected.","Beauty, Happiness"
O Captain! My Captain!,Walt Whitman,"O Captain! my Captain! our fearful trip is done,

The ship has weather’d every rack, the prize we sought is won,

The port is near, the bells I hear, the people all exulting,

While follow eyes the steady keel, the vessel grim and daring;

But O heart! heart! heart!

O the bleeding drops of red,

Where on the deck my Captain lies,

Fallen cold and dead.

O Captain! my Captain! rise up and hear the bells;

Rise up- for you the flag is flung- for you the bugle trills,

For you bouquets and ribbon’d wreaths- for you the shores a-crowding,

For you they call, the swaying mass, their eager faces turning;

Here Captain! dear father!

This arm beneath your head!

It is some dream that on the deck,

You’ve fallen cold and dead.

My Captain does not answer, his lips are pale and still,

My father does not feel my arm, he has no pulse nor will,

The ship is anchor’d safe and sound, its voyage closed and done,

Exult O shores, and ring O bells!

But I with mournful tread,

Walk the deck my Captain lies,

Fallen cold and dead.","Loss, Resilience"
The Kraken,"Alfred, Lord Tennyson","Below the thunders of the upper deep,

Far, far beneath in the abysmal sea,

His ancient, dreamless, uninvaded sleep

The Kraken sleepeth: faintest sunlights flee

About his shadowy sides; above him swell

Huge sponges of millennial growth and height;

And far away into the sickly light,

Unnumbered and enormous polypi

Winnow with giant arms the slumbering green.

There hath he lain for ages, and will lie

Battening upon huge sea worms in his sleep,

Until the latter fire shall heat the deep;

Then once by man and angels to be seen,

In roaring he shall rise and on the surface die.","Nature, Loss"
The Anactoria Poem,Sappho,"Some say thronging cavalry, some say foot soldiers, 
others call a fleet the most beautiful of 
sights the dark earth offers, but I say it's what-
            ever you love best.

And it's easy to make this understood by 
everyone, for she who surpassed all human 
kind in beauty, Helen, abandoning her
            husband—that best of

men—went sailing off to the shores of Troy and 
never spent a thought on her child or loving 
parents: when the goddess seduced her wits and
            left her to wander,

she forgot them all, she could not remember 
anything but longing, and lightly straying 
aside, lost her way. But that reminds me
            now: Anactória,

she's not here, and I'd rather see her lovely 
step, her sparkling glance and her face than gaze on
all the troops in Lydia in their chariots and
            glittering armor.
","Love, Beauty"
Drummer Hodge,Thomas Hardy,"I
They throw in Drummer Hodge, to rest
Uncoffined—just as found:
His landmark is a kopje-crest
That breaks the veldt around;
And foreign constellations west
Each night above his mound.

II
Young Hodge the Drummer never knew—
The meaning of the broad Karoo,
The Bush, the dusty loam,
And why uprose to nightly view
Strange stars amid the gloam.

III
Yet portion of that unknown plain
Will Hodge for ever be;
His homely Northern breast and brain
Grow up a Southern tree,
And strange-eyed constellations reign
His stars eternally.","Loss, Resilience"
Blues,Elizabeth Alexander,"I am lazy, the laziest
girl in the world. I sleep during
the day when I want to, 'til
my face is creased and swollen,
'til my lips are dry and hot. I
eat as I please: cookies and milk
after lunch, butter and sour cream
on my baked potato, foods that
slothful people eat, that turn
yellow and opaque beneath the skin.
Sometimes come dinnertime Sunday
I am still in my nightgown, the one
with the lace trim listing because
I have not mended it. Many days
I do not exercise, only
consider it, then rub my curdy
belly and lie down. Even
my poems are lazy. I use
syllabics instead of iambs,
prefer slant to the gong of full rhyme,
write briefly while others go
for pages. And yesterday,
for example, I did not work at all!
I got in my car and I drove
to factory outlet stores, purchased
stockings and panties and socks
with my father's money.

To think, in childhood I missed only
one day of school per year. I went
to ballet class four days a week
at four-forty-five and on
Saturdays, beginning always
with plie, ending with curtsy.
To think, I knew only industry,
the industry of my race
and of immigrants, the radio
tuned always to the station
that said, Line up your summer
job months in advance. Work hard
and do not shame your family,
who worked hard to give you what you have.
There is no sin but sloth. Burn
to a wick and keep moving.

I avoided sleep for years,
up at night replaying
evening news stories about
nearby jailbreaks, fat people
who ate fried chicken and woke up
dead. In sleep I am looking
for poems in the shape of open
V's of birds flying in formation,
or open arms saying, I forgive you, all.","Hope, Loss"
Dreams,Langston Hughes,"Hold fast to dreams

For if dreams die

Life is a broken-winged bird

That cannot fly.

Hold fast to dreams

For when dreams go

Life is a barren field

Frozen with snow.
","Hope, Resilience"
Eldorado,Edgar Allan Poe,"Gaily bedight,
A gallant knight,
In sunshine and in shadow,
Had journeyed long,
Singing a song,
In search of Eldorado.

But he grew old—
This knight so bold—
And o’er his heart a shadow
Fell, as he found
No spot of ground
That looked like Eldorado.

And, as his strength
Failed him at length,
He met a pilgrim shadow—
‘Shadow,’ said he,
‘Where can it be—
This land of Eldorado?’

‘Over the Mountains
Of the Moon,
Down the Valley of the Shadow,
Ride, boldly ride,’
The shade replied,—
‘If you seek for Eldorado!’","Loss, Hope"
Scaffolding,Seamus Heaney,"Masons, when they start upon a building, Are careful to test out the scaffolding;
Make sure that planks won’t slip at busy points, Secure all ladders, tighten bolted joints.
And yet all this comes down when the job’s done Showing off walls of sure and solid stone.
So if, my dear, there sometimes seem to be Old bridges breaking between you and me
Never fear. We may let the scaffolds fall Confident that we have built our wall.","Love, Resilience"
Song of Myself,Walt Whitman,"I believe in you my soul, the other I am must not abase itself to you, And you must not be abased to the other.
Loafe with me on the grass,  loose the stop from your throat, Not words, not music or rhyme I want, not custom or lecture, not even the best, Only the lull I like, the hum of your valvèd voice.
I mind how once we lay such a transparent summer morning,  How you settled your head athwart my hips and gently turn'd over upon me, And parted the shirt from my bosom-bone, and plunged your tongue to my bare-stript heart, And reach'd till you felt my beard, and reach'd till you held my feet.
Swiftly arose and spread around me the peace and knowledge that pass all the argument of the earth, And I know that the hand of God is the promise of my own, And I know that the spirit of God is the brother of my own, And that all the men ever born are also my brothers,  and the women my sisters and lovers, And that a kelson of the creation is love, And limitless are leaves stiff or drooping in the fields, And brown ants in the little wells beneath them, And mossy scabs of the worm fence, heap'd stones, elder, mullein and poke-weed.","Love, Nature"
A Poison Tree,William Blake,"I was angry with my friend:

I told my wrath, my wrath did end.

I was angry with my foe:

I told it not, my wrath did grow.

And I watered it in fears

Night and morning with my tears,

And I sunned it with smiles

And with soft deceitful wiles.

And it grew both day and night,

Till it bore an apple bright,

And my foe beheld it shine,

And he knew that it was mine,--

And into my garden stole

When the night had veiled the pole;

In the morning, glad, I see

My foe outstretched beneath the tree.","Loss, Nature"
And death shall have no dominion,Dylan Thomas,"And death shall have no dominion. Dead men naked they shall be one With the man in the wind and the west moon; When their bones are picked clean and the clean bones gone, They shall have stars at elbow and foot; Though they go mad they shall be sane, Though they sink through the sea they shall rise again; Though lovers be lost love shall not; And death shall have no dominion.
And death shall have no dominion. Under the windings of the sea They lying long shall not die windily; Twisting on racks when sinews give way, Strapped to a wheel, yet they shall not break; Faith in their hands shall snap in two, And the unicorn evils run them through; Split all ends up they shan't crack; And death shall have no dominion.
And death shall have no dominion. No more may gulls cry at their ears Or waves break loud on the seashores; Where blew a flower may a flower no more Lift its head to the blows of the rain; Though they be mad and dead as nails, Heads of the characters hammer through daisies; Break in the sun till the sun breaks down, And death shall have no dominion.","Loss, Hope"
The Angel,William Blake,"I dreamt a dream!  What can it mean?
And that I was a maiden Queen
Guarded by an Angel mild:
Witless woe was ne’er beguiled!

And I wept both night and day,
And he wiped my tears away;
And I wept both day and night,

So he took his wings, and fled;
Then the morn blushed rosy red.
I dried my tears, and armed my fears
With ten thousand shields and spears.

Soon my Angel came again;
I was armed, he came in vain;
For the time of youth was fled,
And grey hairs were on my head.","Loss, Beauty"
Enigma,Leonora Speyer,"It would be easy to forgive,

If I could but remember;

If I could hear, lost love of mine,

The music of your cruelties,

Shaking to sound the silent skies,

Could voice with them their song divine,

Red with pain’s leaping ember:

It would be easy to forgive,

If I could but remember.

It would be easy to forget,

If I could find lost Sorrow;

If I could kiss her plaintive face,

And break with her her bitter bread,

Could share again her woeful bed,

And know with tears her pale embrace.

Make yesterday, to-morrow:

It would be easy to forget,

If I could find lost Sorrow.","Loss, Resilience"
Stopping by Woods on a Snowy Evening,Robert Frost,"Whose woods these are I think I know. His house is in the village though; He will not see me stopping here To watch his woods fill up with snow.
My little horse must think it queer To stop without a farmhouse near Between the woods and frozen lake The darkest evening of the year.
He gives his harness bells a shake To ask if there is some mistake. The only other sound’s the sweep Of easy wind and downy flake.
The woods are lovely, dark and deep. But I have promises to keep, And miles to go before I sleep, And miles to go before I sleep.","Nature, Loss"
The Road Not Taken,Robert Frost,"Two roads diverged in a yellow wood, And sorry I could not travel both And be one traveler, long I stood And looked down one as far as I could To where it bent in the undergrowth;
Then took the other, as just as fair, And having perhaps the better claim, Because it was grassy and wanted wear; Though as for that the passing there Had worn them really about the same,
And both that morning equally lay In leaves no step had trodden black. Oh, I kept the first for another day! Yet knowing how way leads on to way, I doubted if I should ever come back.
I shall be telling this with a sigh Somewhere ages and ages hence: Two roads diverged in a wood, and I— I took the one less traveled by, And that has made all the difference.","Hope, Resilience"
I measure every Grief I meet,Emily Dickinson,"I measure every Grief I meet
With narrow, probing, eyes –
I wonder if It weighs like Mine –
Or has an Easier size.

I wonder if They bore it long –
Or did it just begin –
I could not tell the Date of Mine –
It feels so old a pain –

I wonder if it hurts to live –
And if They have to try –
And whether – could They choose between –
It would not be – to die –

I note that Some – gone patient long –
At length, renew their smile –
An imitation of a Light
That has so little Oil –

I wonder if when Years have piled –
Some Thousands – on the Harm –
That hurt them early – such a lapse
Could give them any Balm –

Or would they go on aching still
Through Centuries of Nerve –
Enlightened to a larger Pain –
In Contrast with the Love –

The Grieved – are many – I am told –
There is the various Cause –
Death – is but one – and comes but once –
And only nails the eyes –

There’s Grief of Want – and grief of Cold –
A sort they call “Despair” –
In sight of Native Air –

And though I may not guess the kind –
Correctly – yet to me
A piercing Comfort it affords
In passing Calvary –

To note the fashions – of the Cross –
And how they’re mostly worn –
Still fascinated to presume
That Some – are like my own –","Loss, Resilience"
On Joy and Sorrow,Kahlil Gibran,"Then a woman said, Speak to us of Joy and Sorrow. And he answered: Your joy is your sorrow unmasked. And the selfsame well from which your laughter rises was oftentimes filled with your tears. And how else can it be? The deeper that sorrow carves into your being, the more joy you can contain. Is not the cup that holds your wine the very cup that was burned in the potter’s oven? And is not the lute that soothes your spirit, the very wood that was hollowed with knives? When you are joyous, look deep into your heart and you shall find it is only that which has given you sorrow that is giving you joy. When you are sorrowful look again in your heart, and you shall see that in truth you are weeping for that which has been your delight.
Some of you say, “Joy is greater than sorrow,” and others say, “Nay, sorrow is the greater.” But I say unto you, they are inseparable. Together they come, and when one sits alone with you at your board, remember that the other is asleep upon your bed.
Verily you are suspended like scales between your sorrow and your joy. Only when you are empty are you at standstill and balanced. When the treasure-keeper lifts you to weigh his gold and his silver, needs must your joy or your sorrow rise or fall.","Hope, Loss"
Instructions on Not Giving Up,Ada Limón,"More than the fuchsia funnels breaking out of the crabapple tree, more than the neighbor’s almost obscene display of cherry limbs shoving their cotton candy-colored blossoms to the slate sky of Spring rains, it’s the greening of the trees that really gets to me. When all the shock of white and taffy, the world’s baubles and trinkets, leave the pavement strewn with the confetti of aftermath, the leaves come. Patient, plodding, a green skin growing over whatever winter did to us, a return to the strange idea of continuous living despite the mess of us, the hurt, the empty. Fine then, I’ll take it, the tree seems to say, a new slick leaf unfurling like a fist to an open palm, I’ll take it all.","Nature, Resilience"
Yours,Daniel Hoffman,"I am yours as the summer air at evening is
Possessed by the scent of linden blossoms,

As the snowcap gleams with light
Lent it by the brimming moon.

Without you I'd be an unleafed tree
Blasted in a bleakness with no Spring.

Your love is the weather of my being.
What is an island without the sea?","Nature, Love"
Under the Harvest Moon,Carl Sandburg,"Under the harvest moon,
When the soft silver
Drips shimmering
Over the garden nights,
Death, the gray mocker,
Comes and whispers to you
As a beautiful friend
Who remembers.

Under the summer roses
When the flagrant crimson
Lurks in the dusk
Of the wild red leaves,
Love, with little hands,
Comes and touches you
With a thousand memories,
And asks you
Beautiful, unanswerable questions.","Hope, Loss"
Ars Poetica,Archibald MacLeish,"A poem should be palpable and mute   
As a globed fruit,

Dumb
As old medallions to the thumb,

Silent as the sleeve-worn stone
Of casement ledges where the moss has grown—

A poem should be wordless   
As the flight of birds.

                         *               

A poem should be motionless in time   
As the moon climbs,

Leaving, as the moon releases
Twig by twig the night-entangled trees,

Leaving, as the moon behind the winter leaves,   
Memory by memory the mind—

A poem should be motionless in time   
As the moon climbs.

                         *               

A poem should be equal to:
Not true.

For all the history of grief
An empty doorway and a maple leaf.

For love
The leaning grasses and two lights above the sea—

A poem should not mean   
But be.","Hope, Beauty"
Novel,Arthur Rimbaud,"I.

No one's serious at seventeen.
—On beautiful nights when beer and lemonade
And loud, blinding cafés are the last thing you need
—You stroll beneath green lindens on the promenade.

Lindens smell fine on fine June nights!
Sometimes the air is so sweet that you close your eyes;
The wind brings sounds—the town is near—
And carries scents of vineyards and beer. . .

II.

—Over there, framed by a branch
You can see a little patch of dark blue
Stung by a sinister star that fades
With faint quiverings, so small and white. . .

June nights! Seventeen!—Drink it in.
Sap is champagne, it goes to your head. . .
The mind wanders, you feel a kiss
On your lips, quivering like a living thing. . .

III.

The wild heart Crusoes through a thousand novels
—And when a young girl walks alluringly
Through a streetlamp's pale light, beneath the ominous shadow
Of her father's starched collar. . .

Because as she passes by, boot heels tapping,
She turns on a dime, eyes wide,
Finding you too sweet to resist. . .
—And cavatinas die on your lips.

IV.

You're in love. Off the market till August.
You're in love.—Your sonnets make Her laugh.
Your friends are gone, you're
bad news.

—Then, one night, your beloved, writes. . .!

That night. . .you return to the blinding cafés;
You order beer or lemonade. . .
—No one's serious at seventeen
When lindens line the promenade.","Beauty, Happiness"
Not Waving but Drowning,Stevie Smith,"Nobody heard him, the dead man, But still he lay moaning: I was much further out than you thought And not waving but drowning.
Poor chap, he always loved larking And now he’s dead It must have been too cold for him his heart gave way, They said.
Oh, no no no, it was too cold always (Still the dead one lay moaning) I was much too far out all my life And not waving but drowning.","Nature, Loss"
"To John Keats, Poet. At Spring Time",Countee Cullen,"I cannot hold my peace, John Keats; There never was a spring like this; It is an echo, that repeats My last year’s song and next year’s bliss. I know, in spite of all men say Of Beauty, you have felt her most. Yea, even in your grave her way Is laid. Poor, troubled, lyric ghost, Spring never was so fair and dear As Beauty makes her seem this year.
I cannot hold my peace, John Keats, I am as helpless in the toil Of Spring as any lamb that bleats To feel the solid earth recoil Beneath his puny legs. Spring beats Her tocsin call to those who love her, And lo! the dogwood petals cover
Her breast with drifts of snow, and sleek White gulls fly screaming to her, and hover About her shoulders, and kiss her cheek, While white and purple lilacs muster A strength that bears them to a cluster Of color and odor; for her sake All things that slept are now awake.
And you and I, shall we lie still, John Keats, while Beauty summons us? Somehow I feel your sensitive will Is pulsing up some tremulous Sap road of a maple tree, whose leaves Grow music as they grow, since your Wild voice is in them, a harp that grieves For life that opens death’s dark door. Though dust, your fingers still can push The Vision Splendid to a birth, Though now they work as grass in the hush Of the night on the broad sweet page of the earth.
“John Keats is dead,” they say, but I Who hear your full insistent cry In bud and blossom, leaf and tree, Know John Keats still writes poetry.
And while my head is earthward bowed To read new life sprung from your shroud, Folks seeing me must think it strange That merely spring should so derange My mind. They do not know that you, John Keats, keep revel with me, too.","Nature, Loss"
Final Soliloquy of the Interior Paramour,Wallace Stevens,"Light the first light of evening, as in a room
In which we rest and, for small reason, think
The world imagined is the ultimate good.

This is, therefore, the intensest rendezvous.
It is in that thought that we collect ourselves,
Out of all the indifferences, into one thing:

Within a single thing, a single shawl
Wrapped tightly round us, since we are poor, a warmth,
A light, a power, the miraculous influence.

Here, now, we forget each other and ourselves.
We feel the obscurity of an order, a whole,
A knowledge, that which arranged the rendezvous.

Within its vital boundary, in the mind.
We say God and the imagination are one...
How high that highest candle lights the dark.

Out of this same light, out of the central mind,
We make a dwelling in the evening air,
In which being there together is enough.","Beauty, Hope"
Loveliest of Trees,A. E. Housman,"Loveliest of trees, the cherry now

Is hung with bloom along the bough,

And stands about the woodland ride

Wearing white for Eastertide.

Now, of my threescore years and ten,

Twenty will not come again,

It only leaves me fifty more.

And since to look at things in bloom

Fifty springs are little room,

About the woodlands I will go

To see the cherry hung with snow.","Nature, Beauty"
My Native Land,Sir Walter Scott,"Breathes there the man, with soul so dead,

Who never to himself hath said,

This is my own, my native land!

Whose heart hath ne'er within him burn'd,

As home his footsteps he hath turn'd

If such there breathe, go, mark him well;

For him no Minstrel raptures swell;

High though his titles, proud his name,

Boundless his wealth as wish can claim;—

Despite those titles, power, and pelf,

The wretch, concentred all in self,

Living, shall forfeit fair renown,

And, doubly dying, shall go down

Unwept, unhonour'd, and unsung.","Loss, Resilience"
The Land of Counterpane,Robert Louis Stevenson,"When I was sick and lay a-bed,

I had two pillows at my head,

And all my toys beside me lay

To keep me happy all the day.

And sometimes for an hour or so

I watched my leaden soldiers go,

With different uniforms and drills,

Among the bed-clothes, through the hills;

And sometimes sent my ships in fleets

All up and down among the sheets;

Or brought my trees and houses out,

And planted cities all about.

I was the giant great and still

That sits upon the pillow-hill,

And sees before him, dale and plain,

The pleasant land of counterpane.","Happiness, Resilience"
Love’s Philosophy,Percy Bysshe Shelley,"The fountains mingle with the river

And the rivers with the ocean,

The winds of heaven mix for ever

With a sweet emotion;

Nothing in the world is single,

All things by a law divine

In one another’s being mingle—

Why not I with thine?

See the mountains kiss high heaven,

And the waves clasp one another;

No sister-flower would be forgiven

If it disdain’d its brother;

And the sunlight clasps the earth,

And the moonbeams kiss the sea—

What is all this sweet work worth

If thou kiss not me?","Love, Nature"
Before You Came,Faiz Ahmed Faiz,"Before you came,
things were as they should be:
the sky was the dead-end of sight,
the road was just a road, wine merely wine.

Now everything is like my heart,
a color at the edge of blood:
the grey of your absence, the color of poison, of thorns,
the gold when we meet, the season ablaze,
the yellow of autumn, the red of flowers, of flames,
and the black when you cover the earth
with the coal of dead fires.

And the sky, the road, the glass of wine?
The sky is a shirt wet with tears,
the road a vein about to break,
and the glass of wine a mirror in which
the sky, the road, the world keep changing.

Don’t leave now that you’re here—
Stay. So the world may become like itself again:
so the sky may be the sky,
the road a road,
and the glass of wine not a mirror, just a glass of wine.","Love, Loss"
So Much Happiness,Naomi Shihab Nye,"It is difficult to know what to do with so much happiness.

With sadness there is something to rub against,

a wound to tend with lotion and cloth.

When the world falls in around you, you have pieces to pick up,

something to hold in your hands, like ticket stubs or change.

But happiness floats.

It doesn’t need you to hold it down.

It doesn’t need anything.

Happiness lands on the roof of the next house, singing,

and disappears when it wants to.

You are happy either way.

Even the fact that you once lived in a peaceful tree house

and now live over a quarry of noise and dust

cannot make you unhappy.

Everything has a life of its own,

it too could wake up filled with possibilities

of coffee cake and ripe peaches,

and love even the floor which needs to be swept,

the soiled linens and scratched records . . .

Since there is no place large enough

to contain so much happiness,

you shrug, you raise your hands, and it flows out of you

into everything you touch. You are not responsible.

You take no credit, as the night sky takes no credit

for the moon, but continues to hold it, and share it,

and in that way, be known.","Happiness, Beauty"
Invictus,William Ernest Henley,"Out of the night that covers me,

I thank whatever gods may be

For my unconquerable soul.

In the fell clutch of circumstance

I have not winced nor cried aloud.

Under the bludgeonings of chance

My head is bloody, but unbowed.

Beyond this place of wrath and tears

Looms but the Horror of the shade,

And yet the menace of the years

Finds, and shall find, me unafraid.

It matters not how strait the gate,

How charged with punishments the scroll,

I am the master of my fate:

I am the captain of my soul.","Resilience, Hope"
O Me! O Life!,Walt Whitman,"O Me! O life! of the questions of these recurring,

Of the endless trains of the faithless, of cities fill’d with the foolish,

Of myself forever reproaching myself, (for who more foolish than I, and who more faithless?)

Of eyes that vainly crave the light, of the objects mean, of the struggle ever renew’d,

Of the poor results of all, of the plodding and sordid crowds I see around me,

Of the empty and useless years of the rest, with the rest me intertwined,

The question, O me! so sad, recurring—What good amid these, O me, O life?

That you are here—that life exists and identity,

That the powerful play goes on, and you may contribute a verse.","Hope, Beauty"
"Twelfth Night, Act II, Scene III [O Mistress mine, where are you roaming?]",William Shakespeare,"O Mistress mine, where are you roaming?
O stay and hear! your true-love’s coming
That can sing both high and low;
Trip no further, pretty sweeting,
Journeys end in lovers’ meeting—
Every wise man’s son doth know.

What is love? ’tis not hereafter;
Present mirth hath present laughter;
What’s to come is still unsure:
In delay there lies no plenty,—
Then come kiss me, Sweet-and-twenty,
Youth’s a stuff will not endure.","Love, Happiness"
The Swing,Robert Louis Stevenson,"How do you like to go up in a swing,
Up in the air so blue?
Oh, I do think it the pleasantest thing
Ever a child can do!

Up in the air and over the wall,
Till I can see so wide,
River and trees and cattle and all
Over the countryside—

Till I look down on the garden green,
Down on the roof so brown—
Up in the air I go flying again,
Up in the air and down!","Happiness, Nature"
Nothing Gold Can Stay,Robert Frost,"Nature’s first green is gold,

Her hardest hue to hold.

Her early leaf’s a flower;

But only so an hour.

Then leaf subsides to leaf.

So Eden sank to grief,

So dawn goes down to day.

Nothing gold can stay.","Nature, Loss"
In Flanders Fields,John McCrae,"In Flanders fields the poppies blow

Between the crosses, row on row,

That mark our place; and in the sky

The larks, still bravely singing, fly

Scarce heard amid the guns below.

We are the Dead. Short days ago

We lived, felt dawn, saw sunset glow,

Loved and were loved, and now we lie

In Flanders fields.

Take up our quarrel with the foe:

The torch; be yours to hold it high.

If ye break faith with us who die

We shall not sleep, though poppies grow

In Flanders fields.","Loss, Beauty"
I Hear an Army,James Joyce,"I hear an army charging upon the land,
And the thunder of horses plunging, foam about their knees:
Arrogant, in black armour, behind them stand,
Disdaining the reins, with fluttering whips, the charioteers.

They cry unto the night their battle-name:
I moan in sleep when I hear afar their whirling laughter.
They cleave the gloom of dreams, a blinding flame,
Clanging, clanging upon the heart as upon an anvil.

They come shaking in triumph their long, green hair:
They come out of the sea and run shouting by the shore.
My heart, have you no wisdom thus to despair?
My love, my love, my love, why have you left me alone?","Love, Loss"
Be Glad Your Nose Is on Your Face,Jack Prelutsky,"Be glad your nose is on your face,

not pasted on some other place,

for if it were where it is not,

you might dislike your nose a lot.

Imagine if your precious nose

were sandwiched in between your toes,

that clearly would not be a treat,

for you’d be forced to smell your feet.

Your nose would be a source of dread

were it attached atop your head,

it soon would drive you to despair,

forever tickled by your hair.

Within your ear, your nose would be

an absolute catastrophe,

for when you were obliged to sneeze,

Your nose, instead, through thick and thin,

remains between your eyes and chin,

not pasted on some other place—

be glad your nose is on your face!","Love, Beauty"
The New Colossus,Emma Lazarus,"Not like the brazen giant of Greek fame,

Here at our sea-washed, sunset gates shall stand

A mighty woman with a torch, whose flame

Is the imprisoned lightning, and her name

Glows world-wide welcome; her mild eyes command

The air-bridged harbor that twin cities frame.

“Keep, ancient lands, your storied pomp!” cries she

With silent lips. “Give me your tired, your poor,

Your huddled masses yearning to breathe free,

The wretched refuse of your teeming shore.

Send these, the homeless, tempest-tost to me,

I lift my lamp beside the golden door!”","Hope, Beauty"
Notes from the Other Side,Jane Kenyon,"I divested myself of despair
and fear when I came here.

Now there is no more catching
one's own eye in the mirror,

there are no bad books, no plastic,
no insurance premiums, and of course

no illness. Contrition
does not exist, nor gnashing

of teeth. No one howls as the first
clod of earth hits the casket.

The poor we no longer have with us.
Our calm hearts strike only the hour,

and God, as promised, proves
to be mercy clothed in light.","Loss, Beauty"
Dream Nest,Dana Levin,"More like a basket

of twig and hair,

surprisingly

tall

and deep—

in a tree

outside my bedroom

window.

I knew

something lived in there

you wouldn’t assume

lived in a nest.

Then I knew:

a human lived there.

And once I knew—

the nest, nearly

disintegrated,

still in the tree.

It wasn’t about trauma, the perfect

and then the broken

nest

in which a human

lived—

Born and lit and broken

comes I.","Nature, Loss"
Chickens,Kate Gale,"I come from hay and barns, raising   chickens. In spring, lambs come. 
You got to get up, fly early, do the orphan run   sleep till dawn, start the feeding. 
When the electricity shuts off, you boil water, you crack ice.   You keep the animals watered. 
You walk through the barn, through the hay smell,  your hair brittle where you chopped it with scissors 
same ones you use for everything. Your sweater has holes.   When you feed the ram lambs, you say goodbye. 
Summer, choke cherries; your mouth’s dry. Apples, cider.   Corn picking. Canning for weeks that feel like years. 
Chopping heads off quail, rabbits, chickens.   You can pluck a chicken, gut it fast. 
You find unformed eggs, unformed chicks.   They start chirping day nineteen. 
You make biscuits and gravy for hundred kids   serve them up good. You’re the chick 
who never got past day nineteen, never found your chick voice.   You make iced tea. They say, you’re a soldier in the king’s army. 
At night, you say to yourself, Kathy, someday.   We go walking. We go talking. We find a big story. 
A cracking egg story. A walking girl story.   A walking out of the woods story. A not slapped silly story. 
A not Jesus story. Hush, Kathy you say, we get out of here.   We find out where chicks go when they learn to fly.","Nature, Hope"
[since feeling is first],E. E. Cummings,"since feeling is first

who pays any attention

to the syntax of things

will never wholly kiss you;

wholly to be a fool

while Spring is in the world

my blood approves,

and kisses are a better fate

than wisdom

lady i swear by all flowers. Don’t cry

—the best gesture of my brain is less than

your eyelids’ flutter which says

we are for each other: then

laugh, leaning back in my arms

for life’s not a paragraph

And death i think is no parenthesis","Hope, Love"
Poem,Langston Hughes,"(To F. S.)

I loved my friend.

There’s nothing more to say.

The poem ends,

Soft as it began,—

I loved my friend.

From
The Weary Blues","Love, Beauty"
"Song of Myself, 51",Walt Whitman,"The past and present wilt—I have fill’d them, emptied them.
And proceed to fill my next fold of the future.
Listener up there! what have you to confide to me?
Look in my face while I snuff the sidle of evening,
(Talk honestly, no one else hears you, and I stay only a minute longer.)
Do I contradict myself?
Very well then I contradict myself,
(I am large, I contain multitudes.)
I concentrate toward them that are nigh, I wait on the door-slab.
Who has done his day’s work? who will soonest be through with his supper?
Who wishes to walk with me?
Will you speak before I am gone? will you prove already too late?","Hope, Beauty"
On Friendship,Kahlil Gibran,"And a youth said, Speak to us of Friendship.

And he answered, saying:

Your friend is your needs answered.

He is your field which you sow with love and reap with thanksgiving.

And he is your board and your fireside.

For you come to him with your hunger, and you seek him for peace.

When your friend speaks his mind you fear not the “nay” in your own mind, nor do you withhold the “ay.”

And when he is silent your heart ceases not to listen to his heart;

For without words, in friendship, all thoughts, all desires, all expectations are born and shared, with joy that is unacclaimed.

And let there be no purpose in friendship save the deepening of the spirit.

For love that seeks aught but the disclosure of its own mystery is not love but a net cast forth: and only the unprofitable is caught.

And let your best be for your friend.

If he must know the ebb of your tide, let him know its flood also.

For what is your friend that you should seek him with hours to kill?

Seek him always with hours to live.

For it is his to fill your need but not your emptiness.

And in the sweetness of friendship let there be laughter, and sharing of pleasures.

For in the dew of little things the heart finds its morning and is refreshed.

From
The Prophet","Hope, Love"
Wind and Window Flower,Robert Frost,"Lovers, forget your love,
And list to the love of these,
She a window flower,
And he a winter breeze.

When the frosty window veil
Was melted down at noon,
And the cagèd yellow bird
Hung over her in tune,

He marked her through the pane,
He could not help but mark,
And only passed her by,
To come again at dark.

He was a winter wind,
Concerned with ice and snow,
Dead weeds and unmated birds,
And little of love could know.

But he sighed upon the sill,
He gave the sash a shake,
As witness all within
Who lay that night awake.

Perchance he half prevailed
To win her for the flight
And warm stove-window light.

But the flower leaned aside
And thought of naught to say,
And morning found the breeze
A hundred miles away.","Love, Loss"
My November Guest,Robert Frost,"My sorrow, when she’s here with me,

Thinks these dark days of autumn rain

Are beautiful as days can be;

She loves the bare, the withered tree;

She walks the sodden pasture lane.

Her pleasure will not let me stay.

She talks and I am fain to list:

She’s glad the birds are gone away,

She’s glad her simple worsted grey

Is silver now with clinging mist.

The desolate, deserted trees,

The faded earth, the heavy sky,

The beauties she so truly sees,

She thinks I have no eye for these,

And vexes me for reason why.

Not yesterday I learned to know

The love of bare November days

Before the coming of the snow,

But it were vain to tell her so,

And they are better for her praise.","Nature, Beauty"